Company;Year;Type
ABB,2010,AR-EN
ABB,2010,SR-EN
ABB,2011,AR-EN
ABB,2011,SR-EN
ABB,2012,AR-EN
ABB,2012,SR-EN
ABB,2013,AR-EN
ABB,2013,SR-EN
ABB,2014,AR-EN
ABB,2014,SR-EN
ABB,2015,AR-EN
ABB,2015,SR-EN
ABB,2016,AR-EN
ABB,2016,SR-EN
ABB,2017,AR-EN
ABB,2017,SR-EN
ABB,2018,AR-EN
ABB,2018,SR-EN
Adecco,1996,AR-EN
Adecco,1997,AR-EN
Adecco,1998,AR-EN
Adecco,1999,AR-EN
Adecco,2000,AR-EN
Adecco,2001,AR-EN
Adecco,2002,AR-EN
Adecco,2003,AR-EN
Adecco,2004,AR-EN
Adecco,2005,AR-EN
Adecco,2006,AR-EN
Adecco,2007,AR-EN
Adecco,2008,AR-EN
Adecco,2009,AR-EN
Adecco,2010,AR-EN
Adecco,2011,AR-EN
Adecco,2012,AR-EN
Adecco,2013,AR-EN
Adecco,2014,AR-EN
Adecco,2015,AR-EN
Adecco,2016,AR-EN
Adecco,2017,AR-EN
Adecco,2018,AR-EN
Alternative Bank Schweiz,2015,SR-DE
Alternative Bank Schweiz,2016,SR-DE
Alternative Bank Schweiz,2017,SR-DE
Alternative Bank Schweiz,2018,SR-DE
AMS,2003,AR-DE
AMS,2003,AR-EN
AMS,2004,AR-DE
AMS,2004,AR-EN
AMS,2005,AR-DE
AMS,2005,AR-EN
AMS,2006,AR-DE
AMS,2006,AR-EN
AMS,2007,AR-DE
AMS,2007,AR-EN
AMS,2008,AR-DE
AMS,2008,AR-EN
AMS,2009,AR-DE
AMS,2009,AR-EN
AMS,2010,AR-DE
AMS,2010,AR-EN
AMS,2011,AR-DE
AMS,2011,AR-EN
AMS,2012,AR-DE
AMS,2012,AR-EN
AMS,2013,AR-DE
AMS,2013,AR-EN
AMS,2014,AR-DE
AMS,2014,AR-EN
AMS,2015,AR-DE
AMS,2015,AR-EN
AMS,2016,AR-DE
AMS,2016,AR-EN
AMS,2017,AR-DE
AMS,2017,AR-EN
AMS,2018,AR-DE
AMS,2018,AR-EN
Aryzta,2003,AR-EN
Aryzta,2004,AR-EN
Aryzta,2005,AR-EN
Aryzta,2006,AR-EN
Aryzta,2007,AR-EN
Aryzta,2009,AR-EN
Aryzta,2010,AR-EN
Aryzta,2011,AR-EN
Aryzta,2012,AR-EN
Aryzta,2013,AR-EN
Aryzta,2014,AR-EN
Aryzta,2015,AR-EN
Aryzta,2016,AR-EN
Aryzta,2017,AR-EN
Aryzta,2018,AR-EN
Baloise,2014,AR-DE
Baloise,2014,AR-EN
Baloise,2015,AR-DE
Baloise,2015,AR-EN
Baloise,2016,AR-DE
Baloise,2016,AR-EN
Baloise,2017,AR-DE
Baloise,2017,AR-EN
Baloise,2018,AR-DE
Baloise,2018,AR-EN
Bank Vontobel,2014,SR-DE
Bank Vontobel,2015,SR-DE
Bank Vontobel,2016,SR-DE
Bank Vontobel,2017,SR-DE
Bank Vontobel,2018,SR-DE
Berner Kantonalbank,2009,AR-DE
Berner Kantonalbank,2010,AR-DE
Berner Kantonalbank,2011,AR-DE
Berner Kantonalbank,2012,AR-DE
Berner Kantonalbank,2013,AR-DE
Berner Kantonalbank,2014,AR-DE
Berner Kantonalbank,2015,AR-DE
Berner Kantonalbank,2015,SR-DE
Berner Kantonalbank,2016,AR-DE
Berner Kantonalbank,2016,SR-DE
Berner Kantonalbank,2017,AR-DE
Berner Kantonalbank,2017,SR-DE
Berner Kantonalbank,2018,AR-DE
Berner Kantonalbank,2018,SR-DE
Credit Suisse,2007,AR-EN
Credit Suisse,2007,SR-EN
Credit Suisse,2008,AR-EN
Credit Suisse,2008,SR-EN
Credit Suisse,2009,AR-EN
Credit Suisse,2009,SR-EN
Credit Suisse,2010,AR-EN
Credit Suisse,2010,SR-EN
Credit Suisse,2011,AR-EN
Credit Suisse,2011,CR-EN
Credit Suisse,2011,SR-EN
Credit Suisse,2012,AR-EN
Credit Suisse,2012,SR-EN
Credit Suisse,2013,AR-EN
Credit Suisse,2013,CR-EN
Credit Suisse,2013,SR-EN
Credit Suisse,2014,AR-EN
Credit Suisse,2014,CR-EN
Credit Suisse,2014,SR-EN
Credit Suisse,2015,AR-EN
Credit Suisse,2015,CR-EN
Credit Suisse,2015,SR-EN
Credit Suisse,2016,AR-EN
Credit Suisse,2016,CR-EN
Credit Suisse,2016,SR-EN
Credit Suisse,2017,AR-EN
Credit Suisse,2017,CR-EN
Credit Suisse,2017,SR-EN
Credit Suisse,2018,AR-EN
Credit Suisse,2018,CR-EN
Credit Suisse,2018,SR-EN
Dormakaba,1999,AR-EN
Dormakaba,2000,AR-EN
Dormakaba,2001,AR-EN
Dormakaba,2002,AR-EN
Dormakaba,2003,AR-EN
Dormakaba,2004,AR-EN
Dormakaba,2005,AR-EN
Dormakaba,2006,AR-EN
Dormakaba,2007,AR-EN
Dormakaba,2008,AR-EN
Dormakaba,2009,AR-EN
Dormakaba,2010,AR-EN
Dormakaba,2011,AR-EN
Dormakaba,2012,AR-EN
Dormakaba,2013,AR-EN
Dormakaba,2014,AR-EN
Dormakaba,2015,AR-EN
Dormakaba,2016,AR-EN
Dormakaba,2017,AR-EN
Dormakaba,2018,AR-EN
Dormakaba,2018,SR-EN
Dufry,2010,AR-EN
Dufry,2011,AR-EN
Dufry,2012,AR-EN
Dufry,2013,AR-EN
Dufry,2014,AR-EN
Dufry,2015,AR-EN
Dufry,2016,AR-EN
Dufry,2017,AR-EN
Dufry,2018,AR-EN
Ems Chemie,2006,FR-DE
Ems Chemie,2006,FR-EN
Ems Chemie,2006,RS-DE
Ems Chemie,2006,RS-EN
Ems Chemie,2007,AR-DE
Ems Chemie,2007,AR-EN
Ems Chemie,2007,FR-DE
Ems Chemie,2007,FR-EN
Ems Chemie,2007,RS-DE
Ems Chemie,2007,RS-EN
Ems Chemie,2008,AR-DE
Ems Chemie,2008,AR-EN
Ems Chemie,2008,FR-DE
Ems Chemie,2008,FR-EN
Ems Chemie,2008,RS-DE
Ems Chemie,2008,RS-EN
Ems Chemie,2009,AR-DE
Ems Chemie,2009,AR-EN
Ems Chemie,2009,FR-DE
Ems Chemie,2009,FR-EN
Ems Chemie,2009,RS-DE
Ems Chemie,2009,RS-EN
Ems Chemie,2010,AR-DE
Ems Chemie,2010,AR-EN
Ems Chemie,2010,FR-DE
Ems Chemie,2010,FR-EN
Ems Chemie,2010,RS-DE
Ems Chemie,2010,RS-EN
Ems Chemie,2011,AR-DE
Ems Chemie,2011,AR-EN
Ems Chemie,2011,FR-DE
Ems Chemie,2011,FR-EN
Ems Chemie,2011,RS-DE
Ems Chemie,2011,RS-EN
Ems Chemie,2012,AR-DE
Ems Chemie,2012,AR-EN
Ems Chemie,2012,FR-DE
Ems Chemie,2012,FR-EN
Ems Chemie,2012,RS-DE
Ems Chemie,2012,RS-EN
Ems Chemie,2013,AR-DE
Ems Chemie,2013,AR-EN
Ems Chemie,2013,FR-DE
Ems Chemie,2013,FR-EN
Ems Chemie,2013,RS-DE
Ems Chemie,2013,RS-EN
Ems Chemie,2014,AR-DE
Ems Chemie,2014,AR-EN
Ems Chemie,2014,FR-DE
Ems Chemie,2014,FR-EN
Ems Chemie,2014,RS-DE
Ems Chemie,2014,RS-EN
Ems Chemie,2015,AR-DE
Ems Chemie,2015,AR-EN
Ems Chemie,2015,FR-DE
Ems Chemie,2015,FR-EN
Ems Chemie,2015,RS-DE
Ems Chemie,2015,RS-EN
Ems Chemie,2016,AR-DE
Ems Chemie,2016,AR-EN
Ems Chemie,2016,FR-DE
Ems Chemie,2016,FR-EN
Ems Chemie,2016,RS-DE
Ems Chemie,2016,RS-EN
Ems Chemie,2017,AR-DE
Ems Chemie,2017,AR-EN
Ems Chemie,2017,FR-DE
Ems Chemie,2017,FR-EN
Ems Chemie,2017,RS-DE
Ems Chemie,2017,RS-EN
Ems Chemie,2018,AR-DE
Ems Chemie,2018,AR-EN
Ems Chemie,2018,FR-DE
Ems Chemie,2018,FR-EN
Ems Chemie,2018,RS-DE
Ems Chemie,2018,RS-EN
Ems Chemie,2019,AR-DE
Ems Chemie,2019,AR-EN
Flughafen Zürich,2000,AR-DE
Flughafen Zürich,2001,AR-DE
Flughafen Zürich,2002,AR-DE
Flughafen Zürich,2003,AR-DE
Flughafen Zürich,2004,AR-DE
Flughafen Zürich,2005,AR-DE
Flughafen Zürich,2006,AR-DE
Flughafen Zürich,2007,AR-DE
Flughafen Zürich,2008,AR-DE
Flughafen Zürich,2009,AR-DE
Flughafen Zürich,2010,AR-DE
Flughafen Zürich,2011,AR-DE
Flughafen Zürich,2012,AR-DE
Flughafen Zürich,2013,AR-DE
Flughafen Zürich,2014,AR-DE
Flughafen Zürich,2015,AR-DE
Flughafen Zürich,2016,AR-DE
Flughafen Zürich,2017,AR-DE
Flughafen Zürich,2018,AR-DE
GAM,2004,AR-DE
GAM,2004,AR-EN
GAM,2005,AR-DE
GAM,2005,AR-EN
GAM,2006,AR-DE
GAM,2006,AR-EN
GAM,2007,AR-DE
GAM,2007,AR-EN
GAM,2008,AR-DE
GAM,2008,AR-EN
GAM,2009,AR-DE
GAM,2009,AR-EN
GAM,2010,AR-EN
GAM,2011,AR-EN
GAM,2012,AR-EN
GAM,2013,AR-EN
GAM,2014,AR-EN
GAM,2015,AR-EN
GAM,2016,AR-EN
GAM,2017,AR-EN
GAM,2018,AR-EN
Geberit,1999,AR-DE
Geberit,2000,AR-DE
Geberit,2001,AR-DE
Geberit,2002,AR-DE
Geberit,2003,AR-DE
Geberit,2004,AR-DE
Geberit,2005,AR-DE
Geberit,2006,AR-DE
Geberit,2014,AR-DE
Geberit,2015,AR-DE
Geberit,2016,AR-DE
Geberit,2017,AR-DE
Geberit,2018,AR-DE
Georg Fischer,2014,AR-DE
Georg Fischer,2014,SR-DE
Georg Fischer,2015,AR-DE
Georg Fischer,2015,SR-DE
Georg Fischer,2016,AR-DE
Georg Fischer,2016,SR-DE
Georg Fischer,2017,AR-DE
Georg Fischer,2017,SR-DE
Georg Fischer,2018,AR-DE
Givaudan,2000,AR-DE
Givaudan,2000,AR-EN
Givaudan,2000,AR-FR
Givaudan,2001,AR-DE
Givaudan,2001,AR-EN
Givaudan,2001,AR-FR
Givaudan,2002,AR-DE
Givaudan,2002,AR-EN
Givaudan,2002,AR-FR
Givaudan,2003,AR-DE
Givaudan,2003,AR-EN
Givaudan,2003,AR-FR
Givaudan,2004,AR-DE
Givaudan,2004,AR-EN
Givaudan,2004,AR-FR
Givaudan,2005,AR-DE
Givaudan,2005,AR-EN
Givaudan,2005,AR-FR
Givaudan,2005,FR-EN
Givaudan,2006,AR-DE
Givaudan,2006,AR-EN
Givaudan,2006,AR-FR
Givaudan,2006,FR-EN
Givaudan,2007,AR-DE
Givaudan,2007,AR-EN
Givaudan,2007,AR-FR
Givaudan,2007,FR-EN
Givaudan,2008,AR-DE
Givaudan,2008,AR-EN
Givaudan,2008,AR-FR
Givaudan,2009,AR-DE
Givaudan,2009,AR-EN
Givaudan,2009,AR-FR
Givaudan,2010,AR-DE
Givaudan,2010,AR-EN
Givaudan,2010,AR-FR
Givaudan,2011,AR-DE
Givaudan,2011,AR-EN
Givaudan,2011,AR-FR
Givaudan,2012,AR-DE
Givaudan,2012,AR-EN
Givaudan,2012,AR-FR
Givaudan,2013,AR-DE
Givaudan,2013,AR-EN
Givaudan,2013,AR-FR
Givaudan,2014,AR-DE
Givaudan,2014,AR-EN
Givaudan,2014,AR-FR
Givaudan,2014,SR-EN
Givaudan,2015,CG-EN
Givaudan,2015,CR-EN
Givaudan,2015,SR-EN
Givaudan,2016,SR-EN
Givaudan,2017,AR-EN
Givaudan,2017,SR-EN
Givaudan,2018,AR-EN
Givaudan,2018,SR-EN
Helvetia,2012,AR-DE
Helvetia,2012,AR-EN
Helvetia,2012,AR-FR
Helvetia,2013,AR-DE
Helvetia,2013,AR-EN
Helvetia,2013,AR-FR
Helvetia,2014,AR-DE
Helvetia,2014,AR-EN
Helvetia,2014,AR-FR
Helvetia,2015,AR-DE
Helvetia,2015,AR-EN
Helvetia,2016,AR-DE
Helvetia,2016,AR-EN
Helvetia,2017,FR-DE
Helvetia,2017,FR-EN
Helvetia,2018,FR-DE
Helvetia,2018,FR-EN
Julius Bär,2014,AR-DE
Julius Bär,2015,AR-DE
Julius Bär,2016,AR-DE
Julius Bär,2016,AR-EN
Julius Bär,2017,AR-DE
Julius Bär,2017,AR-EN
Julius Bär,2018,AR-DE
Kuehne + Nagel,2004,AR-EN
Kuehne + Nagel,2005,AR-EN
Kuehne + Nagel,2006,AR-EN
Kuehne + Nagel,2007,AR-EN
Kuehne + Nagel,2008,AR-EN
Kuehne + Nagel,2009,AR-DE
Kuehne + Nagel,2009,AR-EN
Kuehne + Nagel,2010,AR-DE
Kuehne + Nagel,2010,AR-EN
Kuehne + Nagel,2011,AR-DE
Kuehne + Nagel,2011,AR-EN
Kuehne + Nagel,2012,AR-DE
Kuehne + Nagel,2012,AR-EN
Kuehne + Nagel,2013,AR-DE
Kuehne + Nagel,2013,AR-EN
Kuehne + Nagel,2014,AR-DE
Kuehne + Nagel,2014,AR-EN
Kuehne + Nagel,2015,AR-DE
Kuehne + Nagel,2015,AR-EN
Kuehne + Nagel,2016,AR-EN
Kuehne + Nagel,2017,AR-EN
Kuehne + Nagel,2018,AR-EN
Kuehne + Nagel,2018,GRI-EN
Kuehne + Nagel,2018,SR-EN
LafargeHolcim,2015,AR-DE
LafargeHolcim,2015,AR-EN
LafargeHolcim,2015,AR-FR
LafargeHolcim,2016,AR-EN
LafargeHolcim,2016,AR-FR
LafargeHolcim,2017,AR-DE
LafargeHolcim,2017,AR-EN
LafargeHolcim,2017,AR-FR
LafargeHolcim,2018,AR-EN
Lonza,2014,AR-EN
Lonza,2015,AR-EN
Lonza,2016,AR-EN
Lonza,2017,AR-EN
Lonza,2018,AR-EN
Lonza,2018,SR-EN
Mobiliar,2000,AR-DE
Mobiliar,2000,AR-EN
Mobiliar,2001,AR-DE
Mobiliar,2001,AR-EN
Mobiliar,2002,AR-DE
Mobiliar,2002,AR-EN
Mobiliar,2003,AR-DE
Mobiliar,2004,AR-DE
Mobiliar,2005,AR-DE
Mobiliar,2006,AR-DE
Mobiliar,2007,AR-DE
Mobiliar,2008,AR-DE
Mobiliar,2009,AR-DE
Mobiliar,2010,AR-DE
Mobiliar,2011,AR-DE
Mobiliar,2012,AR-DE
Mobiliar,2013,AR-DE
Mobiliar,2014,AR-DE
Mobiliar,2015,AR-DE
Mobiliar,2016,AR-DE
Mobiliar,2017,AR-DE
Nestlé,2001,AR-DE
Nestlé,2001,AR-EN
Nestlé,2002,AR-DE
Nestlé,2002,AR-EN
Nestlé,2002,AR-FR
Nestlé,2003,AR-DE
Nestlé,2003,AR-EN
Nestlé,2003,AR-FR
Nestlé,2004,AR-DE
Nestlé,2004,AR-EN
Nestlé,2004,AR-FR
Nestlé,2005,AR-DE
Nestlé,2005,AR-EN
Nestlé,2005,AR-FR
Nestlé,2006,AR-DE
Nestlé,2006,AR-EN
Nestlé,2006,AR-FR
Nestlé,2007,AR-DE
Nestlé,2007,AR-EN
Nestlé,2007,AR-FR
Nestlé,2008,AR-DE
Nestlé,2008,AR-EN
Nestlé,2008,AR-FR
Nestlé,2009,AR-DE
Nestlé,2009,AR-EN
Nestlé,2009,AR-FR
Nestlé,2010,AR-DE
Nestlé,2010,AR-EN
Nestlé,2010,AR-FR
Nestlé,2011,AR-DE
Nestlé,2011,AR-EN
Nestlé,2011,AR-FR
Nestlé,2012,AR-DE
Nestlé,2012,AR-EN
Nestlé,2012,AR-FR
Nestlé,2013,AR-DE
Nestlé,2013,AR-EN
Nestlé,2013,AR-FR
Nestlé,2014,AR-DE
Nestlé,2014,AR-EN
Nestlé,2014,AR-FR
Nestlé,2015,AR-DE
Nestlé,2015,AR-EN
Nestlé,2015,AR-FR
Nestlé,2016,AR-DE
Nestlé,2016,AR-EN
Nestlé,2016,AR-FR
Nestlé,2017,AR-DE
Nestlé,2017,AR-EN
Nestlé,2017,AR-FR
Nestlé,2018,AR-DE
Nestlé,2018,AR-EN
Nestlé,2018,AR-FR
Novartis,2004,AR-DE
Novartis,2004,AR-EN
Novartis,2004,AR-FR
Novartis,2005,AR-DE
Novartis,2005,AR-EN
Novartis,2005,AR-FR
Novartis,2006,AR-DE
Novartis,2006,AR-EN
Novartis,2006,AR-FR
Novartis,2007,AR-DE
Novartis,2007,AR-EN
Novartis,2007,AR-FR
Novartis,2010,AR-DE
Novartis,2010,AR-EN
Novartis,2010,AR-FR
Novartis,2011,AR-DE
Novartis,2011,AR-EN
Novartis,2012,AR-DE
Novartis,2012,AR-EN
Novartis,2013,AD-EN
Novartis,2013,AR-DE
Novartis,2013,AR-EN
Novartis,2014,AR-DE
Novartis,2014,AR-EN
Novartis,2015,AR-DE
Novartis,2015,AR-EN
Novartis,2016,AR-DE
Novartis,2016,AR-EN
Novartis,2017,AR-DE
Novartis,2017,AR-EN
Novartis,2018,AR-EN
NZZ Mediengruppe,2011,AR-DE
NZZ Mediengruppe,2012,AR-DE
NZZ Mediengruppe,2013,AR-DE
NZZ Mediengruppe,2014,AR-DE
NZZ Mediengruppe,2015,AR-DE
NZZ Mediengruppe,2016,AR-DE
NZZ Mediengruppe,2017,AR-DE
NZZ Mediengruppe,2018,AR-DE
OC Oerlikon,2006,AR-DE
OC Oerlikon,2006,AR-EN
OC Oerlikon,2007,AR-DE
OC Oerlikon,2007,AR-EN
OC Oerlikon,2008,AR-DE
OC Oerlikon,2008,AR-EN
OC Oerlikon,2009,AR-DE
OC Oerlikon,2009,AR-EN
OC Oerlikon,2010,AR-DE
OC Oerlikon,2010,AR-EN
OC Oerlikon,2011,AR-DE
OC Oerlikon,2011,AR-EN
OC Oerlikon,2012,AR-DE
OC Oerlikon,2012,AR-EN
OC Oerlikon,2013,AR-DE
OC Oerlikon,2013,AR-EN
OC Oerlikon,2014,AR-DE
OC Oerlikon,2014,AR-EN
OC Oerlikon,2015,AR-DE
OC Oerlikon,2015,AR-EN
OC Oerlikon,2016,AR-DE
OC Oerlikon,2016,AR-EN
OC Oerlikon,2017,AR-DE
OC Oerlikon,2017,AR-EN
OC Oerlikon,2018,AR-DE
OC Oerlikon,2018,AR-EN
Partners Group,2006,AR-EN
Partners Group,2007,AR-EN
Partners Group,2008,AR-EN
Partners Group,2009,AR-EN
Partners Group,2010,AR-EN
Partners Group,2011,AR-EN
Partners Group,2012,AR-EN
Partners Group,2013,AR-EN
Partners Group,2014,AR-EN
Partners Group,2015,AR-EN
Partners Group,2016,AR-EN
Partners Group,2016,SR-EN
Partners Group,2017,AR-EN
Partners Group,2018,AR-EN
Partners Group,2018,CG-EN
Partners Group,2018,CR-EN
Partners Group,2018,SR-EN
Post,2008,AR-DE
Post,2009,AR-DE
Post,2009,GRI-DE
Post,2010,AR-DE
Post,2010,GRI-DE
Post,2011,AR-DE
Post,2011,FR-DE
Post,2011,GRI-DE
Post,2012,AR-DE
Post,2012,FR-DE
Post,2012,GRI-DE
Post,2013,AR-DE
Post,2013,FR-DE
Post,2013,GRI-DE
Post,2014,AR-DE
Post,2014,FR-DE
Post,2014,GRI-DE
Post,2015,AR-DE
Post,2015,FR-DE
Post,2015,GRI-DE
Post,2016,AR-DE
Post,2016,FR-DE
Post,2016,GRI-DE
Post,2017,AR-DE
Post,2017,FR-DE
Post,2017,GRI-DE
Post,2018,AR-DE
Post,2018,FR-DE
Post,2018,GRI-DE
Postfinance,2013,AR-DE
Postfinance,2014,AR-DE
Postfinance,2015,AR-DE
Postfinance,2016,AR-DE
Postfinance,2017,AR-DE
Postfinance,2018,AR-DE
PSP Swiss Property,2009,AR-DE
PSP Swiss Property,2010,AR-DE
PSP Swiss Property,2011,AR-DE
PSP Swiss Property,2012,AR-DE
PSP Swiss Property,2013,AR-DE
PSP Swiss Property,2013,AR-EN
PSP Swiss Property,2014,AR-DE
PSP Swiss Property,2014,AR-EN
PSP Swiss Property,2014,CR-DE
PSP Swiss Property,2014,FR-DE
PSP Swiss Property,2014,SR-DE
PSP Swiss Property,2015,AR-DE
PSP Swiss Property,2015,AR-EN
PSP Swiss Property,2015,CR-DE
PSP Swiss Property,2015,FR-DE
PSP Swiss Property,2015,SR-DE
PSP Swiss Property,2016,AR-DE
PSP Swiss Property,2016,AR-EN
PSP Swiss Property,2016,CR-DE
PSP Swiss Property,2016,FR-DE
PSP Swiss Property,2016,SR-DE
PSP Swiss Property,2017,AR-DE
PSP Swiss Property,2017,AR-EN
PSP Swiss Property,2017,FR-DE
PSP Swiss Property,2017,SR-DE
PSP Swiss Property,2018,AR-DE
PSP Swiss Property,2018,AR-EN
Richemont,1989,AR-EN
Richemont,1990,AR-EN
Richemont,1991,AR-EN
Richemont,1992,AR-EN
Richemont,1993,AR-EN
Richemont,1994,AR-EN
Richemont,1995,AR-EN
Richemont,1996,AR-EN
Richemont,1997,AR-EN
Richemont,1998,AR-EN
Richemont,1999,AR-EN
Richemont,2000,AR-EN
Richemont,2001,AR-EN
Richemont,2002,AR-EN
Richemont,2003,AR-EN
Richemont,2004,AR-EN
Richemont,2005,AR-EN
Richemont,2006,AR-EN
Richemont,2007,AR-EN
Richemont,2008,AR-EN
Richemont,2009,AR-EN
Richemont,2010,AR-EN
Richemont,2011,AR-EN
Richemont,2012,AR-EN
Richemont,2012,SR-EN
Richemont,2013,AR-EN
Richemont,2013,SR-EN
Richemont,2014,AR-EN
Richemont,2014,SR-EN
Richemont,2015,AR-EN
Richemont,2015,SR-EN
Richemont,2016,AR-EN
Richemont,2016,SR-EN
Richemont,2017,AR-EN
Richemont,2017,SR-EN
Richemont,2018,AR-EN
Ringier,1997,AR-DE
Ringier,1997,AR-EN
Ringier,1997,AR-FR
Ringier,1999,AR-DE
Ringier,1999,AR-EN
Ringier,1999,AR-FR
Ringier,2001,AR-DE
Ringier,2001,AR-EN
Ringier,2001,AR-FR
Ringier,2002,AR-DE
Ringier,2002,AR-EN
Ringier,2002,AR-FR
Ringier,2003,AR-DE
Ringier,2003,AR-EN
Ringier,2003,AR-FR
Ringier,2004,AR-DE
Ringier,2004,AR-EN
Ringier,2005,AR-DE
Ringier,2005,AR-EN
Ringier,2005,AR-FR
Ringier,2006,AR-DE
Ringier,2006,AR-EN
Ringier,2006,AR-FR
Ringier,2007,AR-DE
Ringier,2007,AR-EN
Ringier,2007,AR-FR
Ringier,2008,AR-DE
Ringier,2008,AR-EN
Ringier,2008,AR-FR
Ringier,2009,AR-DE
Ringier,2009,AR-EN
Ringier,2009,AR-FR
Ringier,2010,AR-DE
Ringier,2010,AR-EN
Ringier,2010,AR-FR
Ringier,2011,AR-DE
Ringier,2011,AR-EN
Ringier,2011,AR-FR
Ringier,2012,AR-DE
Ringier,2012,AR-EN
Ringier,2012,AR-FR
Ringier,2013,AR-DE
Ringier,2013,AR-EN
Ringier,2013,AR-FR
Ringier,2014,AR-DE
Ringier,2014,AR-EN
Ringier,2014,AR-FR
Ringier,2015,AR-DE
Ringier,2015,AR-EN
Ringier,2015,AR-FR
Ringier,2016,AR-EN
Ringier,2017,AR-DE
Ringier,2017,AR-EN
Ringier,2017,AR-FR
Ringier,2018,AR-DE
Ringier,2018,AR-EN
Ringier,2018,AR-FR
Roche,2004,AR-DE
Roche,2005,AR-DE
Roche,2005,FR-DE
Roche,2006,AR-DE
Roche,2006,FR-DE
Roche,2007,AR-DE
Roche,2007,FR-DE
Roche,2009,AR-DE
Roche,2009,FR-DE
Roche,2010,AR-DE
Roche,2010,FR-DE
Roche,2011,AR-DE
Roche,2011,FR-DE
Roche,2012,AR-DE
Roche,2012,FR-DE
Roche,2013,AR-DE
Roche,2013,FR-DE
Roche,2014,AR-DE
Roche,2014,FR-DE
Roche,2015,AR-DE
Roche,2015,FR-DE
Roche,2016,AR-DE
Roche,2016,FR-DE
Roche,2017,AR-DE
Roche,2017,FR-DE
Roche,2018,AR-DE
Roche,2018,FR-DE
Ruag,1999,AR-DE
Ruag,2000,AR-DE
Ruag,2001,AR-DE
Ruag,2002,AR-DE
Ruag,2003,AR-DE
Ruag,2004,AR-DE
Ruag,2004,AR-EN
Ruag,2005,AR-DE
Ruag,2005,AR-EN
Ruag,2006,AR-DE
Ruag,2006,AR-EN
Ruag,2007,AR-DE
Ruag,2007,AR-EN
Ruag,2008,AR-DE
Ruag,2008,AR-EN
Ruag,2009,AR-DE
Ruag,2009,AR-EN
Ruag,2010,AR-DE
Ruag,2010,AR-EN
Ruag,2011,AR-DE
Ruag,2012,AR-DE
Ruag,2012,AR-EN
Ruag,2013,AR-DE
Ruag,2013,AR-EN
Ruag,2014,AR-DE
Ruag,2014,AR-EN
Ruag,2015,AR-DE
Ruag,2015,AR-EN
Ruag,2016,AR-DE
Ruag,2016,AR-EN
Ruag,2016,AR-FR
Ruag,2017,AR-DE
Ruag,2017,AR-EN
Ruag,2017,AR-FR
Ruag,2018,AR-DE
Ruag,2018,AR-EN
Ruag,2018,AR-FR
SBB,2004,AR-DE
SBB,2005,AR-DE
SBB,2006,AR-DE
SBB,2007,AR-DE
SBB,2008,AR-DE
SBB,2009,AR-DE
SBB,2010,AR-DE
SBB,2011,AR-DE
SBB,2012,AR-DE
SBB,2013,AR-DE
SBB,2014,AR-DE
SBB,2015,AR-DE
SBB,2016,AR-DE
SBB,2017,AR-DE
SBB,2017,GRI-DE
SBB,2018,AR-DE
SBB,2018,FR-DE
SBB,2018,GRI-DE
Schindler Holding,2000,AR-DE
Schindler Holding,2000,AR-EN
Schindler Holding,2000,AR-FR
Schindler Holding,2000,FR-DE
Schindler Holding,2000,FR-EN
Schindler Holding,2001,AR-DE
Schindler Holding,2001,AR-EN
Schindler Holding,2001,AR-FR
Schindler Holding,2001,FR-DE
Schindler Holding,2001,FR-EN
Schindler Holding,2002,AR-DE
Schindler Holding,2002,AR-EN
Schindler Holding,2002,AR-FR
Schindler Holding,2002,FR-DE
Schindler Holding,2002,FR-EN
Schindler Holding,2003,AR-DE
Schindler Holding,2003,AR-EN
Schindler Holding,2003,AR-FR
Schindler Holding,2003,FR-DE
Schindler Holding,2003,FR-EN
Schindler Holding,2004,AR-DE
Schindler Holding,2004,AR-EN
Schindler Holding,2004,AR-FR
Schindler Holding,2004,FR-DE
Schindler Holding,2004,FR-EN
Schindler Holding,2005,AR-DE
Schindler Holding,2005,AR-EN
Schindler Holding,2005,AR-FR
Schindler Holding,2005,FR-DE
Schindler Holding,2005,FR-EN
Schindler Holding,2006,AR-DE
Schindler Holding,2006,AR-EN
Schindler Holding,2006,AR-FR
Schindler Holding,2006,FR-DE
Schindler Holding,2006,FR-EN
Schindler Holding,2007,AR-DE
Schindler Holding,2007,AR-EN
Schindler Holding,2007,AR-FR
Schindler Holding,2007,FR-DE
Schindler Holding,2007,FR-EN
Schindler Holding,2008,AR-DE
Schindler Holding,2008,AR-EN
Schindler Holding,2008,AR-FR
Schindler Holding,2008,FR-DE
Schindler Holding,2008,FR-EN
Schindler Holding,2009,AR-DE
Schindler Holding,2009,AR-EN
Schindler Holding,2009,AR-FR
Schindler Holding,2009,FR-DE
Schindler Holding,2009,FR-EN
Schindler Holding,2010,AR-DE
Schindler Holding,2010,AR-EN
Schindler Holding,2010,AR-FR
Schindler Holding,2010,FR-DE
Schindler Holding,2010,FR-EN
Schindler Holding,2011,AR-DE
Schindler Holding,2011,AR-EN
Schindler Holding,2011,AR-FR
Schindler Holding,2011,FR-DE
Schindler Holding,2011,FR-EN
Schindler Holding,2012,AR-DE
Schindler Holding,2012,AR-EN
Schindler Holding,2012,FR-DE
Schindler Holding,2012,FR-EN
Schindler Holding,2013,AR-DE
Schindler Holding,2013,AR-EN
Schindler Holding,2013,FR-DE
Schindler Holding,2013,FR-EN
Schindler Holding,2014,AR-DE
Schindler Holding,2014,AR-EN
Schindler Holding,2014,FR-DE
Schindler Holding,2014,FR-EN
Schindler Holding,2015,AR-DE
Schindler Holding,2015,AR-EN
Schindler Holding,2015,FR-DE
Schindler Holding,2015,FR-EN
Schindler Holding,2016,AR-DE
Schindler Holding,2016,AR-EN
Schindler Holding,2016,FR-DE
Schindler Holding,2016,FR-EN
Schindler Holding,2017,AR-EN
Schindler Holding,2017,FR-EN
Schindler Holding,2018,AR-DE
Schindler Holding,2018,AR-EN
Schindler Holding,2018,FR-DE
Schindler Holding,2018,FR-EN
Schweizerische Nationalbank,1908,AR-DE
Schweizerische Nationalbank,1909,AR-DE
Schweizerische Nationalbank,1910,AR-DE
Schweizerische Nationalbank,1911,AR-DE
Schweizerische Nationalbank,1912,AR-DE
Schweizerische Nationalbank,1913,AR-DE
Schweizerische Nationalbank,1914,AR-DE
Schweizerische Nationalbank,1915,AR-DE
Schweizerische Nationalbank,1916,AR-DE
Schweizerische Nationalbank,1917,AR-DE
Schweizerische Nationalbank,1918,AR-DE
Schweizerische Nationalbank,1919,AR-DE
Schweizerische Nationalbank,1920,AR-DE
Schweizerische Nationalbank,1921,AR-DE
Schweizerische Nationalbank,1922,AR-DE
Schweizerische Nationalbank,1923,AR-DE
Schweizerische Nationalbank,1924,AR-DE
Schweizerische Nationalbank,1925,AR-DE
Schweizerische Nationalbank,1926,AR-DE
Schweizerische Nationalbank,1927,AR-DE
Schweizerische Nationalbank,1928,AR-DE
Schweizerische Nationalbank,1929,AR-DE
Schweizerische Nationalbank,1930,AR-DE
Schweizerische Nationalbank,1931,AR-DE
Schweizerische Nationalbank,1932,AR-DE
Schweizerische Nationalbank,1933,AR-DE
Schweizerische Nationalbank,1934,AR-DE
Schweizerische Nationalbank,1935,AR-DE
Schweizerische Nationalbank,1936,AR-DE
Schweizerische Nationalbank,1937,AR-DE
Schweizerische Nationalbank,1938,AR-DE
Schweizerische Nationalbank,1939,AR-DE
Schweizerische Nationalbank,1940,AR-DE
Schweizerische Nationalbank,1941,AR-DE
Schweizerische Nationalbank,1942,AR-DE
Schweizerische Nationalbank,1943,AR-DE
Schweizerische Nationalbank,1944,AR-DE
Schweizerische Nationalbank,1945,AR-DE
Schweizerische Nationalbank,1946,AR-DE
Schweizerische Nationalbank,1947,AR-DE
Schweizerische Nationalbank,1948,AR-DE
Schweizerische Nationalbank,1949,AR-DE
Schweizerische Nationalbank,1950,AR-DE
Schweizerische Nationalbank,1951,AR-DE
Schweizerische Nationalbank,1952,AR-DE
Schweizerische Nationalbank,1953,AR-DE
Schweizerische Nationalbank,1954,AR-DE
Schweizerische Nationalbank,1955,AR-DE
Schweizerische Nationalbank,1956,AR-DE
Schweizerische Nationalbank,1957,AR-DE
Schweizerische Nationalbank,1958,AR-DE
Schweizerische Nationalbank,1959,AR-DE
Schweizerische Nationalbank,1960,AR-DE
Schweizerische Nationalbank,1961,AR-DE
Schweizerische Nationalbank,1962,AR-DE
Schweizerische Nationalbank,1963,AR-DE
Schweizerische Nationalbank,1964,AR-DE
Schweizerische Nationalbank,1965,AR-DE
Schweizerische Nationalbank,1966,AR-DE
Schweizerische Nationalbank,1967,AR-DE
Schweizerische Nationalbank,1968,AR-DE
Schweizerische Nationalbank,1969,AR-DE
Schweizerische Nationalbank,1970,AR-DE
Schweizerische Nationalbank,1971,AR-DE
Schweizerische Nationalbank,1972,AR-DE
Schweizerische Nationalbank,1973,AR-DE
Schweizerische Nationalbank,1974,AR-DE
Schweizerische Nationalbank,1975,AR-DE
Schweizerische Nationalbank,1976,AR-DE
Schweizerische Nationalbank,1977,AR-DE
Schweizerische Nationalbank,1978,AR-DE
Schweizerische Nationalbank,1979,AR-DE
Schweizerische Nationalbank,1980,AR-DE
Schweizerische Nationalbank,1981,AR-DE
Schweizerische Nationalbank,1982,AR-DE
Schweizerische Nationalbank,1983,AR-DE
Schweizerische Nationalbank,1984,AR-DE
Schweizerische Nationalbank,1985,AR-DE
Schweizerische Nationalbank,1986,AR-DE
Schweizerische Nationalbank,1987,AR-DE
Schweizerische Nationalbank,1988,AR-DE
Schweizerische Nationalbank,1989,AR-DE
Schweizerische Nationalbank,1990,AR-DE
Schweizerische Nationalbank,1991,AR-DE
Schweizerische Nationalbank,1992,AR-DE
Schweizerische Nationalbank,1993,AR-DE
Schweizerische Nationalbank,1994,AR-DE
Schweizerische Nationalbank,1995,AR-DE
Schweizerische Nationalbank,1996,AR-DE
Schweizerische Nationalbank,1997,AR-DE
Schweizerische Nationalbank,1998,AR-DE
Schweizerische Nationalbank,1999,AR-DE
Schweizerische Nationalbank,2000,AR-DE
Schweizerische Nationalbank,2001,AR-DE
Schweizerische Nationalbank,2002,AR-DE
Schweizerische Nationalbank,2003,AR-DE
Schweizerische Nationalbank,2004,AR-DE
Schweizerische Nationalbank,2005,AR-DE
Schweizerische Nationalbank,2006,AR-DE
Schweizerische Nationalbank,2007,AR-DE
Schweizerische Nationalbank,2008,AR-DE
Schweizerische Nationalbank,2009,AR-DE
Schweizerische Nationalbank,2010,AR-DE
Schweizerische Nationalbank,2011,AR-DE
Schweizerische Nationalbank,2012,AR-DE
Schweizerische Nationalbank,2013,AR-DE
Schweizerische Nationalbank,2014,AR-DE
Schweizerische Nationalbank,2015,AR-DE
Schweizerische Nationalbank,2016,AR-DE
Schweizerische Nationalbank,2017,AR-DE
Schweizerische Nationalbank,2018,AR-DE
SGS,2001,AR-EN
SGS,2002,AR-EN
SGS,2003,AR-EN
SGS,2004,AR-EN
SGS,2005,AR-EN
SGS,2006,AR-EN
SGS,2007,AR-EN
SGS,2008,AR-EN
SGS,2009,AR-EN
SGS,2010,AR-EN
SGS,2011,AR-EN
SGS,2012,AR-EN
SGS,2013,AR-EN
SGS,2014,AR-EN
SGS,2015,AR-EN
SGS,2016,AR-EN
SGS,2017,AR-EN
SGS,2018,AR-EN
Sika,2018,AR-DE
Sika,2018,AR-EN
SIX SIS,2009,AR-EN
SIX SIS,2010,AR-EN
SIX SIS,2011,AR-EN
SIX SIS,2012,AR-EN
SIX SIS,2013,AR-EN
SIX SIS,2014,AR-EN
SIX SIS,2015,AR-EN
SIX SIS,2016,AR-EN
SIX SIS,2017,AR-EN
SIX SIS,2018,AR-EN
Sonova,2004,AR-DE
Sonova,2005,AR-DE
Sonova,2006,AR-DE
Sonova,2007,AR-DE
Sonova,2008,AR-DE
Sonova,2009,AR-DE
Sonova,2010,AR-DE
Sonova,2011,AR-DE
Sonova,2012,AR-DE
Sonova,2013,AR-DE
Sonova,2014,AR-DE
Sonova,2015,AR-DE
Sonova,2016,AR-DE
Sonova,2017,AR-DE
Sonova,2018,AR-EN
Sonova,2018,CR-EN
Sonova,2018,SR-EN
SRG,2011,AR-DE
SRG,2012,AR-DE
SRG,2013,AR-DE
SRG,2014,AR-DE
SRG,2015,AR-DE
SRG,2016,AR-DE
SRG,2017,AR-DE
SRG,2018,AR-DE
Straumann,2011,AR-EN
Straumann,2012,AR-EN
Straumann,2013,AR-EN
Straumann,2014,AR-EN
Straumann,2015,AR-EN
Straumann,2016,AR-EN
Straumann,2017,AR-EN
Straumann,2018,AR-EN
Swatch,2004,AR-DE
Swatch,2004,AR-EN
Swatch,2004,FR-DE
Swatch,2004,FR-EN
Swatch,2005,AR-DE
Swatch,2005,AR-EN
Swatch,2005,FR-DE
Swatch,2005,FR-EN
Swatch,2006,AR-DE
Swatch,2006,AR-EN
Swatch,2006,FR-DE
Swatch,2006,FR-EN
Swatch,2007,AR-DE
Swatch,2007,AR-EN
Swatch,2007,FR-DE
Swatch,2007,FR-EN
Swatch,2008,AR-DE
Swatch,2008,AR-EN
Swatch,2008,FR-DE
Swatch,2008,FR-EN
Swatch,2009,AR-DE
Swatch,2009,AR-EN
Swatch,2009,FR-DE
Swatch,2009,FR-EN
Swatch,2010,AR-DE
Swatch,2010,AR-EN
Swatch,2010,FR-DE
Swatch,2010,FR-EN
Swatch,2011,AR-DE
Swatch,2011,AR-EN
Swatch,2011,FR-DE
Swatch,2011,FR-EN
Swatch,2012,AR-DE
Swatch,2012,AR-EN
Swatch,2012,FR-DE
Swatch,2012,FR-EN
Swatch,2013,AR-DE
Swatch,2013,AR-EN
Swatch,2013,FR-DE
Swatch,2013,FR-EN
Swatch,2014,AR-DE
Swatch,2014,AR-EN
Swatch,2014,FR-DE
Swatch,2014,FR-EN
Swatch,2015,AR-DE
Swatch,2015,AR-EN
Swatch,2015,FR-DE
Swatch,2015,FR-EN
Swatch,2016,AR-DE
Swatch,2016,AR-EN
Swatch,2016,FR-DE
Swatch,2016,FR-EN
Swatch,2017,AR-DE
Swatch,2017,AR-EN
Swatch,2018,AR-DE
Swatch,2018,AR-EN
Swiss Life,1998,AR-EN
Swiss Life,1999,AR-EN
Swiss Life,2000,AR-DE
Swiss Life,2000,AR-EN
Swiss Life,2001,AR-DE
Swiss Life,2001,AR-EN
Swiss Life,2002,AR-EN
Swiss Life,2002,FR-EN
Swiss Life,2003,AR-DE
Swiss Life,2003,AR-EN
Swiss Life,2004,AR-DE
Swiss Life,2004,AR-EN
Swiss Life,2005,AR-DE
Swiss Life,2005,AR-EN
Swiss Life,2006,AR-DE
Swiss Life,2006,AR-EN
Swiss Life,2007,AR-DE
Swiss Life,2007,AR-EN
Swiss Life,2007,AR-FR
Swiss Life,2008,AR-DE
Swiss Life,2008,AR-EN
Swiss Life,2008,AR-FR
Swiss Life,2008,FR-EN
Swiss Life,2009,AR-DE
Swiss Life,2009,AR-EN
Swiss Life,2009,AR-FR
Swiss Life,2009,FR-DE
Swiss Life,2009,FR-EN
Swiss Life,2010,AR-DE
Swiss Life,2010,AR-EN
Swiss Life,2010,AR-FR
Swiss Life,2010,FR-DE
Swiss Life,2010,FR-EN
Swiss Life,2011,AR-DE
Swiss Life,2011,AR-EN
Swiss Life,2011,AR-FR
Swiss Life,2011,FR-DE
Swiss Life,2011,FR-EN
Swiss Life,2012,AR-DE
Swiss Life,2012,AR-EN
Swiss Life,2013,AR-DE
Swiss Life,2013,AR-EN
Swiss Life,2014,AR-DE
Swiss Life,2014,AR-EN
Swiss Life,2015,AR-DE
Swiss Life,2015,AR-EN
Swiss Life,2016,AR-DE
Swiss Life,2016,AR-EN
Swiss Life,2017,AR-DE
Swiss Life,2017,AR-EN
Swiss Life,2018,AR-DE
Swiss Life,2018,AR-EN
Swiss Re,2012,AR-EN
Swiss Re,2012,FR-EN
Swiss Re,2013,AR-EN
Swiss Re,2013,FR-EN
Swiss Re,2014,AR-EN
Swiss Re,2014,CR-EN
Swiss Re,2014,FR-EN
Swiss Re,2015,AR-EN
Swiss Re,2015,CR-EN
Swiss Re,2015,FR-EN
Swiss Re,2016,AR-DE
Swiss Re,2016,AR-EN
Swiss Re,2016,CR-EN
Swiss Re,2016,FR-DE
Swiss Re,2016,FR-EN
Swiss Re,2017,AR-DE
Swiss Re,2017,AR-EN
Swiss Re,2017,CR-EN
Swiss Re,2017,FR-EN
Swiss Re,2018,AR-EN
Swiss Re,2018,FR-EN
Swiss Re,2018,SR-EN
Swisscom,1997,AR-DE
Swisscom,1998,AR-DE
Swisscom,1999,AR-DE
Swisscom,2000,AR-DE
Swisscom,2003,AR-DE
Swisscom,2008,AR-EN
Swisscom,2009,AR-EN
Swisscom,2012,SR-EN
Swisscom,2013,AR-DE
Swisscom,2013,CG-DE
Swisscom,2014,AR-DE
Swisscom,2014,CG-DE
Swisscom,2015,AR-DE
Swisscom,2015,GRI-DE
Swisscom,2015,SR-DE
Swisscom,2016,AR-DE
Swisscom,2016,GRI-DE
Swisscom,2016,SR-DE
Swisscom,2017,AR-DE
Swisscom,2017,GRI-DE
Swisscom,2017,ISO14064-DE
Swisscom,2017,SR-DE
Swisscom,2018,AR-DE
Swisscom,2018,GRI-DE
Swisscom,2018,ISO14064-DE
Swisscom,2018,SR-DE
Swissquote,2011,AR-EN
Swissquote,2012,AR-EN
Swissquote,2013,AR-EN
Swissquote,2014,AR-EN
Swissquote,2015,AR-EN
Swissquote,2016,AR-EN
Swissquote,2017,AR-EN
Swissquote,2018,AR-EN
Swissquote,2018,FR-EN
Tamedia,2001,AR-DE
Tamedia,2002,AR-DE
Tamedia,2003,AR-DE
Tamedia,2003,FR-DE
Tamedia,2004,FR-DE
Tamedia,2005,FR-DE
Tamedia,2006,FR-DE
Tamedia,2007,AR-DE
Tamedia,2008,AR-DE
Tamedia,2009,AR-DE
Tamedia,2010,AR-DE
Tamedia,2011,AR-DE
Tamedia,2012,AR-DE
Tamedia,2013,AR-DE
Tamedia,2014,AR-DE
Tamedia,2015,AR-DE
Tamedia,2016,AR-DE
Tamedia,2017,AR-DE
Tamedia,2018,AR-DE
Temenos,2001,AR-EN
Temenos,2002,AR-EN
Temenos,2003,AR-EN
Temenos,2005,AR-EN
Temenos,2006,AR-EN
Temenos,2007,AR-EN
Temenos,2008,AR-EN
Temenos,2009,AR-EN
Temenos,2010,AR-EN
Temenos,2011,AR-EN
Temenos,2011,CR-EN
Temenos,2012,AR-EN
Temenos,2013,AR-EN
Temenos,2014,AR-EN
Temenos,2015,AR-EN
Temenos,2016,AR-EN
Temenos,2017,AR-EN
Temenos,2018,AR-EN
Thurgauer Kantonalbank,2012,AR-DE
Thurgauer Kantonalbank,2013,AR-DE
Thurgauer Kantonalbank,2014,AR-DE
Thurgauer Kantonalbank,2015,AR-DE
Thurgauer Kantonalbank,2016,AR-DE
Thurgauer Kantonalbank,2017,AR-DE
Thurgauer Kantonalbank,2018,AR-DE
UBS,1998,FR-EN
UBS,1999,FR-DE
UBS,1999,FR-EN
UBS,2000,FR-DE
UBS,2000,FR-EN
UBS,2001,FR-DE
UBS,2001,FR-EN
UBS,2002,FR-DE
UBS,2002,FR-EN
UBS,2003,FR-DE
UBS,2003,FR-EN
UBS,2004,FR-DE
UBS,2004,FR-EN
UBS,2005,FR-DE
UBS,2005,FR-EN
UBS,2006,FR-DE
UBS,2006,FR-EN
UBS,2007,CG-EN
UBS,2007,FR-EN
UBS,2007,RB-EN
UBS,2007,SR-EN
UBS,2008,AR2-EN
UBS,2008,AR-DE
UBS,2008,AR-EN
UBS,2008,CR-DE
UBS,2008,CR-EN
UBS,2009,AR-EN
UBS,2009,CR-EN
UBS,2010,AR-EN
UBS,2010,CR-EN
UBS,2011,AR-EN
UBS,2011,CR-EN
UBS,2012,AR-EN
UBS,2012,CR-EN
UBS,2013,AR-EN
UBS,2013,CR-EN
UBS,2014,AR-EN
UBS,2015,AR-EN
UBS,2016,AR-EN
UBS,2017,CR-EN
UBS,2017,VB-EN
UBS,2018,AR-EN
ZKB,2013,AR-DE
ZKB,2013,NB-DE
ZKB,2014,AR-DE
ZKB,2014,NB-DE
ZKB,2015,AR-DE
ZKB,2015,NB-DE
ZKB,2016,AR-DE
ZKB,2016,NB-DE
ZKB,2017,AR-DE
ZKB,2018,AR-DE
Zurich,2015,AR-DE
Zurich,2015,AR-EN
Zurich,2016,AR-DE
Zurich,2016,AR-EN
Zurich,2017,AR-DE
Zurich,2017,AR-EN
Zurich,2018,AR-DE
Zurich,2018,AR-EN
